State,State_Initial,SA4 Name 2016,Population,Year,Crash_Count,Fatality_Count,Crash_Rate,Fatality_Rate
Australian Capital Territory,ACT,Australian Capital Territory,431380,2015,14,15,3.245398489,3.477212666
Australian Capital Territory,ACT,Australian Capital Territory,431380,2016,10,10,2.318141778,2.318141778
Australian Capital Territory,ACT,Australian Capital Territory,431380,2017,4,4,0.927256711,0.927256711
Australian Capital Territory,ACT,Australian Capital Territory,431380,2018,7,7,1.622699244,1.622699244
Australian Capital Territory,ACT,Australian Capital Territory,431380,2019,5,5,1.159070889,1.159070889
Australian Capital Territory,ACT,Australian Capital Territory,431380,2020,4,5,0.927256711,1.159070889
Australian Capital Territory,ACT,Australian Capital Territory,431380,2021,5,5,1.159070889,1.159070889
New South Wales,NSW,Capital Region,232799,2015,24,25,10.30932263,10.73887774
New South Wales,NSW,Capital Region,232799,2016,23,25,9.879767525,10.73887774
New South Wales,NSW,Capital Region,232799,2017,24,24,10.30932263,10.30932263
New South Wales,NSW,Capital Region,232799,2018,19,24,8.161547086,10.30932263
New South Wales,NSW,Capital Region,232799,2019,28,31,12.02754307,13.3162084
New South Wales,NSW,Capital Region,232799,2020,23,24,9.879767525,10.30932263
New South Wales,NSW,Capital Region,232799,2021,13,13,5.584216427,5.584216427
New South Wales,NSW,Central Coast,345857,2015,12,13,3.469642078,3.758778917
New South Wales,NSW,Central Coast,345857,2016,15,17,4.337052597,4.915326276
New South Wales,NSW,Central Coast,345857,2017,12,12,3.469642078,3.469642078
New South Wales,NSW,Central Coast,345857,2018,20,22,5.782736796,6.361010475
New South Wales,NSW,Central Coast,345857,2019,9,9,2.602231558,2.602231558
New South Wales,NSW,Central Coast,345857,2020,7,7,2.023957879,2.023957879
New South Wales,NSW,Central Coast,345857,2021,7,7,2.023957879,2.023957879
New South Wales,NSW,Central West,213714,2015,21,23,9.826216345,10.76204647
New South Wales,NSW,Central West,213714,2016,28,30,13.10162179,14.03745192
New South Wales,NSW,Central West,213714,2017,22,24,10.29413141,11.22996154
New South Wales,NSW,Central West,213714,2018,19,19,8.890386217,8.890386217
New South Wales,NSW,Central West,213714,2019,24,25,11.22996154,11.6978766
New South Wales,NSW,Central West,213714,2020,19,20,8.890386217,9.358301281
New South Wales,NSW,Central West,213714,2021,15,19,7.018725961,8.890386217
New South Wales,NSW,Coffs Harbour - Grafton,142570,2015,7,7,4.909868836,4.909868836
New South Wales,NSW,Coffs Harbour - Grafton,142570,2016,18,19,12.62537701,13.32678684
New South Wales,NSW,Coffs Harbour - Grafton,142570,2017,16,17,11.22255734,11.92396717
New South Wales,NSW,Coffs Harbour - Grafton,142570,2018,11,12,7.715508171,8.416918005
New South Wales,NSW,Coffs Harbour - Grafton,142570,2019,21,21,14.72960651,14.72960651
New South Wales,NSW,Coffs Harbour - Grafton,142570,2020,10,13,7.014098338,9.118327839
New South Wales,NSW,Coffs Harbour - Grafton,142570,2021,5,5,3.507049169,3.507049169
New South Wales,NSW,Far West and Orana,116440,2015,17,18,14.59979389,15.45860529
New South Wales,NSW,Far West and Orana,116440,2016,19,22,16.3174167,18.89385091
New South Wales,NSW,Far West and Orana,116440,2017,16,18,13.74098248,15.45860529
New South Wales,NSW,Far West and Orana,116440,2018,17,19,14.59979389,16.3174167
New South Wales,NSW,Far West and Orana,116440,2019,17,18,14.59979389,15.45860529
New South Wales,NSW,Far West and Orana,116440,2020,10,11,8.58811405,9.446925455
New South Wales,NSW,Far West and Orana,116440,2021,9,11,7.729302645,9.446925455
New South Wales,NSW,Hunter Valley exc Newcastle,285141,2015,19,22,6.663370052,7.715481113
New South Wales,NSW,Hunter Valley exc Newcastle,285141,2016,26,27,9.118295861,9.468999548
New South Wales,NSW,Hunter Valley exc Newcastle,285141,2017,28,29,9.819703235,10.17040692
New South Wales,NSW,Hunter Valley exc Newcastle,285141,2018,21,24,7.364777426,8.416888487
New South Wales,NSW,Hunter Valley exc Newcastle,285141,2019,20,21,7.014073739,7.364777426
New South Wales,NSW,Hunter Valley exc Newcastle,285141,2020,17,18,5.961962678,6.312666365
New South Wales,NSW,Hunter Valley exc Newcastle,285141,2021,13,15,4.55914793,5.260555304
New South Wales,NSW,Illawarra,317988,2015,7,7,2.201340931,2.201340931
New South Wales,NSW,Illawarra,317988,2016,10,10,3.144772759,3.144772759
New South Wales,NSW,Illawarra,317988,2017,9,11,2.830295483,3.459250035
New South Wales,NSW,Illawarra,317988,2018,7,7,2.201340931,2.201340931
New South Wales,NSW,Illawarra,317988,2019,10,12,3.144772759,3.77372731
New South Wales,NSW,Illawarra,317988,2020,13,13,4.088204586,4.088204586
New South Wales,NSW,Illawarra,317988,2021,2,2,0.628954552,0.628954552
New South Wales,NSW,Mid North Coast,224808,2015,19,24,8.451656525,10.67577666
New South Wales,NSW,Mid North Coast,224808,2016,20,20,8.896480552,8.896480552
New South Wales,NSW,Mid North Coast,224808,2017,26,27,11.56542472,12.01024875
New South Wales,NSW,Mid North Coast,224808,2018,15,15,6.672360414,6.672360414
New South Wales,NSW,Mid North Coast,224808,2019,21,23,9.34130458,10.23095264
New South Wales,NSW,Mid North Coast,224808,2020,5,5,2.224120138,2.224120138
New South Wales,NSW,Mid North Coast,224808,2021,16,17,7.117184442,7.562008469
New South Wales,NSW,Murray,122056,2015,2,2,1.638592122,1.638592122
New South Wales,NSW,Murray,122056,2016,9,9,7.373664547,7.373664547
New South Wales,NSW,Murray,122056,2017,12,15,9.83155273,12.28944091
New South Wales,NSW,Murray,122056,2018,13,15,10.65084879,12.28944091
New South Wales,NSW,Murray,122056,2019,11,13,9.012256669,10.65084879
New South Wales,NSW,Murray,122056,2020,10,11,8.192960608,9.012256669
New South Wales,NSW,Murray,122056,2021,5,5,4.096480304,4.096480304
New South Wales,NSW,New England and North West,186312,2015,19,22,10.19794753,11.80814977
New South Wales,NSW,New England and North West,186312,2016,20,27,10.73468161,14.49182017
New South Wales,NSW,New England and North West,186312,2017,25,29,13.41835201,15.56528833
New South Wales,NSW,New England and North West,186312,2018,27,27,14.49182017,14.49182017
New South Wales,NSW,New England and North West,186312,2019,13,14,6.977543046,7.514277127
New South Wales,NSW,New England and North West,186312,2020,18,19,9.661213448,10.19794753
New South Wales,NSW,New England and North West,186312,2021,11,11,5.904074885,5.904074885
New South Wales,NSW,Newcastle and Lake Macquarie,382537,2015,16,17,4.182601944,4.444014566
New South Wales,NSW,Newcastle and Lake Macquarie,382537,2016,19,19,4.966839809,4.966839809
New South Wales,NSW,Newcastle and Lake Macquarie,382537,2017,17,19,4.444014566,4.966839809
New South Wales,NSW,Newcastle and Lake Macquarie,382537,2018,10,10,2.614126215,2.614126215
New South Wales,NSW,Newcastle and Lake Macquarie,382537,2019,15,15,3.921189323,3.921189323
New South Wales,NSW,Newcastle and Lake Macquarie,382537,2020,9,9,2.352713594,2.352713594
New South Wales,NSW,Newcastle and Lake Macquarie,382537,2021,5,5,1.307063108,1.307063108
New South Wales,NSW,Richmond - Tweed,255304,2015,21,22,8.225488046,8.617177953
New South Wales,NSW,Richmond - Tweed,255304,2016,21,21,8.225488046,8.225488046
New South Wales,NSW,Richmond - Tweed,255304,2017,12,15,4.700278883,5.875348604
New South Wales,NSW,Richmond - Tweed,255304,2018,15,15,5.875348604,5.875348604
New South Wales,NSW,Richmond - Tweed,255304,2019,22,24,8.617177953,9.400557766
New South Wales,NSW,Richmond - Tweed,255304,2020,11,12,4.308588976,4.700278883
New South Wales,NSW,Richmond - Tweed,255304,2021,5,5,1.958449535,1.958449535
New South Wales,NSW,Riverina,161929,2015,16,17,9.880873716,10.49842832
New South Wales,NSW,Riverina,161929,2016,9,10,5.557991465,6.175546073
New South Wales,NSW,Riverina,161929,2017,23,25,14.20375597,15.43886518
New South Wales,NSW,Riverina,161929,2018,17,18,10.49842832,11.11598293
New South Wales,NSW,Riverina,161929,2019,12,13,7.410655287,8.028209894
New South Wales,NSW,Riverina,161929,2020,18,21,11.11598293,12.96864675
New South Wales,NSW,Riverina,161929,2021,13,14,8.028209894,8.645764502
New South Wales,NSW,Southern Highlands and Shoalhaven,158728,2015,14,14,8.820119954,8.820119954
New South Wales,NSW,Southern Highlands and Shoalhaven,158728,2016,17,17,10.71014566,10.71014566
New South Wales,NSW,Southern Highlands and Shoalhaven,158728,2017,14,20,8.820119954,12.60017136
New South Wales,NSW,Southern Highlands and Shoalhaven,158728,2018,7,8,4.410059977,5.040068545
New South Wales,NSW,Southern Highlands and Shoalhaven,158728,2019,11,11,6.930094249,6.930094249
New South Wales,NSW,Southern Highlands and Shoalhaven,158728,2020,8,8,5.040068545,5.040068545
New South Wales,NSW,Southern Highlands and Shoalhaven,158728,2021,3,5,1.890025704,3.150042841
New South Wales,NSW,Sydney - Baulkham Hills and Hawkesbury,257359,2015,14,16,5.43987193,6.216996491
New South Wales,NSW,Sydney - Baulkham Hills and Hawkesbury,257359,2016,3,3,1.165686842,1.165686842
New South Wales,NSW,Sydney - Baulkham Hills and Hawkesbury,257359,2017,3,3,1.165686842,1.165686842
New South Wales,NSW,Sydney - Baulkham Hills and Hawkesbury,257359,2018,7,7,2.719935965,2.719935965
New South Wales,NSW,Sydney - Baulkham Hills and Hawkesbury,257359,2019,5,5,1.942811404,1.942811404
New South Wales,NSW,Sydney - Baulkham Hills and Hawkesbury,257359,2020,3,3,1.165686842,1.165686842
New South Wales,NSW,Sydney - Baulkham Hills and Hawkesbury,257359,2021,3,3,1.165686842,1.165686842
New South Wales,NSW,Sydney - Blacktown,385650,2015,1,1,0.259302476,0.259302476
New South Wales,NSW,Sydney - Blacktown,385650,2016,8,10,2.074419811,2.593024763
New South Wales,NSW,Sydney - Blacktown,385650,2017,7,7,1.815117334,1.815117334
New South Wales,NSW,Sydney - Blacktown,385650,2018,4,4,1.037209905,1.037209905
New South Wales,NSW,Sydney - Blacktown,385650,2019,9,11,2.333722287,2.85232724
New South Wales,NSW,Sydney - Blacktown,385650,2020,6,7,1.555814858,1.815117334
New South Wales,NSW,Sydney - Blacktown,385650,2021,6,6,1.555814858,1.555814858
New South Wales,NSW,Sydney - City and Inner South,372826,2015,5,5,1.341108185,1.341108185
New South Wales,NSW,Sydney - City and Inner South,372826,2016,5,5,1.341108185,1.341108185
New South Wales,NSW,Sydney - City and Inner South,372826,2017,9,13,2.413994732,3.48688128
New South Wales,NSW,Sydney - City and Inner South,372826,2018,12,12,3.218659643,3.218659643
New South Wales,NSW,Sydney - City and Inner South,372826,2019,3,3,0.804664911,0.804664911
New South Wales,NSW,Sydney - City and Inner South,372826,2020,12,12,3.218659643,3.218659643
New South Wales,NSW,Sydney - City and Inner South,372826,2021,3,3,0.804664911,0.804664911
New South Wales,NSW,Sydney - Eastern Suburbs,296088,2015,9,9,3.039636865,3.039636865
New South Wales,NSW,Sydney - Eastern Suburbs,296088,2016,1,1,0.337737429,0.337737429
New South Wales,NSW,Sydney - Eastern Suburbs,296088,2017,4,4,1.350949718,1.350949718
New South Wales,NSW,Sydney - Eastern Suburbs,296088,2018,2,2,0.675474859,0.675474859
New South Wales,NSW,Sydney - Eastern Suburbs,296088,2019,6,7,2.026424576,2.364162006
New South Wales,NSW,Sydney - Eastern Suburbs,296088,2020,4,4,1.350949718,1.350949718
New South Wales,NSW,Sydney - Inner South West,630964,2015,7,7,1.109413532,1.109413532
New South Wales,NSW,Sydney - Inner South West,630964,2016,15,16,2.377314712,2.53580236
New South Wales,NSW,Sydney - Inner South West,630964,2017,8,8,1.26790118,1.26790118
New South Wales,NSW,Sydney - Inner South West,630964,2018,16,16,2.53580236,2.53580236
New South Wales,NSW,Sydney - Inner South West,630964,2019,14,17,2.218827065,2.694290007
New South Wales,NSW,Sydney - Inner South West,630964,2020,8,9,1.26790118,1.426388827
New South Wales,NSW,Sydney - Inner South West,630964,2021,6,6,0.950925885,0.950925885
New South Wales,NSW,Sydney - Inner West,326651,2015,6,7,1.836822786,2.142959917
New South Wales,NSW,Sydney - Inner West,326651,2016,6,6,1.836822786,1.836822786
New South Wales,NSW,Sydney - Inner West,326651,2017,3,3,0.918411393,0.918411393
New South Wales,NSW,Sydney - Inner West,326651,2018,6,6,1.836822786,1.836822786
New South Wales,NSW,Sydney - Inner West,326651,2019,6,6,1.836822786,1.836822786
New South Wales,NSW,Sydney - North Sydney and Hornsby,442646,2015,8,8,1.807313293,1.807313293
New South Wales,NSW,Sydney - North Sydney and Hornsby,442646,2016,5,6,1.129570808,1.35548497
New South Wales,NSW,Sydney - North Sydney and Hornsby,442646,2017,11,11,2.485055778,2.485055778
New South Wales,NSW,Sydney - North Sydney and Hornsby,442646,2018,13,13,2.936884102,2.936884102
New South Wales,NSW,Sydney - North Sydney and Hornsby,442646,2019,6,6,1.35548497,1.35548497
New South Wales,NSW,Sydney - North Sydney and Hornsby,442646,2020,5,5,1.129570808,1.129570808
New South Wales,NSW,Sydney - North Sydney and Hornsby,442646,2021,4,4,0.903656647,0.903656647
New South Wales,NSW,Sydney - Northern Beaches,274041,2015,2,2,0.729817801,0.729817801
New South Wales,NSW,Sydney - Northern Beaches,274041,2016,7,7,2.554362303,2.554362303
New South Wales,NSW,Sydney - Northern Beaches,274041,2017,3,3,1.094726701,1.094726701
New South Wales,NSW,Sydney - Northern Beaches,274041,2018,1,1,0.3649089,0.3649089
New South Wales,NSW,Sydney - Northern Beaches,274041,2019,4,4,1.459635602,1.459635602
New South Wales,NSW,Sydney - Northern Beaches,274041,2020,4,4,1.459635602,1.459635602
New South Wales,NSW,Sydney - Northern Beaches,274041,2021,5,5,1.824544502,1.824544502
New South Wales,NSW,Sydney - Outer South West,294899,2015,7,7,2.373694044,2.373694044
New South Wales,NSW,Sydney - Outer South West,294899,2016,4,4,1.356396597,1.356396597
New South Wales,NSW,Sydney - Outer South West,294899,2017,5,7,1.695495746,2.373694044
New South Wales,NSW,Sydney - Outer South West,294899,2018,8,11,2.712793194,3.730090641
New South Wales,NSW,Sydney - Outer South West,294899,2019,9,9,3.051892343,3.051892343
New South Wales,NSW,Sydney - Outer South West,294899,2020,5,5,1.695495746,1.695495746
New South Wales,NSW,Sydney - Outer South West,294899,2021,9,9,3.051892343,3.051892343
New South Wales,NSW,Sydney - Outer West and Blue Mountains,331168,2015,12,13,3.623538506,3.925500048
New South Wales,NSW,Sydney - Outer West and Blue Mountains,331168,2016,9,10,2.71765388,3.019615422
New South Wales,NSW,Sydney - Outer West and Blue Mountains,331168,2017,7,7,2.113730795,2.113730795
New South Wales,NSW,Sydney - Outer West and Blue Mountains,331168,2018,12,13,3.623538506,3.925500048
New South Wales,NSW,Sydney - Outer West and Blue Mountains,331168,2019,4,5,1.207846169,1.509807711
New South Wales,NSW,Sydney - Outer West and Blue Mountains,331168,2020,8,8,2.415692337,2.415692337
New South Wales,NSW,Sydney - Outer West and Blue Mountains,331168,2021,2,2,0.603923084,0.603923084
New South Wales,NSW,Sydney - Parramatta,507197,2015,11,11,2.168782544,2.168782544
New South Wales,NSW,Sydney - Parramatta,507197,2016,19,19,3.74607894,3.74607894
New South Wales,NSW,Sydney - Parramatta,507197,2017,9,9,1.774458445,1.774458445
New South Wales,NSW,Sydney - Parramatta,507197,2018,11,11,2.168782544,2.168782544
New South Wales,NSW,Sydney - Parramatta,507197,2019,10,10,1.971620495,1.971620495
New South Wales,NSW,Sydney - Parramatta,507197,2020,10,13,1.971620495,2.563106643
New South Wales,NSW,Sydney - Parramatta,507197,2021,7,7,1.380134346,1.380134346
New South Wales,NSW,Sydney - Ryde,207511,2015,5,5,2.409510821,2.409510821
New South Wales,NSW,Sydney - Ryde,207511,2016,6,6,2.891412985,2.891412985
New South Wales,NSW,Sydney - Ryde,207511,2017,5,5,2.409510821,2.409510821
New South Wales,NSW,Sydney - Ryde,207511,2018,2,2,0.963804328,0.963804328
New South Wales,NSW,Sydney - Ryde,207511,2019,5,5,2.409510821,2.409510821
New South Wales,NSW,Sydney - Ryde,207511,2020,4,4,1.927608657,1.927608657
New South Wales,NSW,Sydney - Ryde,207511,2021,3,3,1.445706493,1.445706493
New South Wales,NSW,Sydney - South West,462408,2015,16,17,3.460147748,3.676406983
New South Wales,NSW,Sydney - South West,462408,2016,9,9,1.946333108,1.946333108
New South Wales,NSW,Sydney - South West,462408,2017,15,18,3.243888514,3.892666217
New South Wales,NSW,Sydney - South West,462408,2018,9,9,1.946333108,1.946333108
New South Wales,NSW,Sydney - South West,462408,2019,10,11,2.162592343,2.378851577
New South Wales,NSW,Sydney - South West,462408,2020,15,16,3.243888514,3.460147748
New South Wales,NSW,Sydney - South West,462408,2021,6,6,1.297555406,1.297555406
New South Wales,NSW,Sydney - Sutherland,231941,2015,9,9,3.880297145,3.880297145
New South Wales,NSW,Sydney - Sutherland,231941,2016,5,5,2.155720636,2.155720636
New South Wales,NSW,Sydney - Sutherland,231941,2017,6,6,2.586864763,2.586864763
New South Wales,NSW,Sydney - Sutherland,231941,2018,5,5,2.155720636,2.155720636
New South Wales,NSW,Sydney - Sutherland,231941,2019,4,4,1.724576509,1.724576509
New South Wales,NSW,Sydney - Sutherland,231941,2020,2,3,0.862288254,1.293432382
New South Wales,NSW,Sydney - Sutherland,231941,2021,1,1,0.431144127,0.431144127
Northern Territory,NT,Darwin,147231,2015,18,23,12.22568617,15.6217101
Northern Territory,NT,Darwin,147231,2016,13,14,8.829662231,9.508867018
Northern Territory,NT,Darwin,147231,2017,14,15,9.508867018,10.18807181
Northern Territory,NT,Darwin,147231,2018,10,11,6.79204787,7.471252657
Northern Territory,NT,Darwin,147231,2019,12,13,8.150457444,8.829662231
Northern Territory,NT,Darwin,147231,2020,9,10,6.112843083,6.79204787
Northern Territory,NT,Darwin,147231,2021,9,9,6.112843083,6.112843083
Northern Territory,NT,Northern Territory - Outback,98912,2015,24,26,24.26399224,26.28599159
Northern Territory,NT,Northern Territory - Outback,98912,2016,27,31,27.29699126,31.34098997
Northern Territory,NT,Northern Territory - Outback,98912,2017,13,16,13.14299579,16.17599482
Northern Territory,NT,Northern Territory - Outback,98912,2018,32,39,32.35198965,39.42898738
Northern Territory,NT,Northern Territory - Outback,98912,2019,16,23,16.17599482,23.25299256
Northern Territory,NT,Northern Territory - Outback,98912,2020,19,21,19.20899385,21.23099321
Northern Territory,NT,Northern Territory - Outback,98912,2021,14,16,14.15399547,16.17599482
Queensland,Qld,Brisbane - East,243121,2018,4,,4,0,198.2160555
Queensland,Qld,Brisbane - East,243121,2019,3,,3,0,148.5884101
Queensland,Qld,Brisbane - East,243121,2020,4,,4,0,198.019802
Queensland,Qld,Brisbane - East,243121,2021,10,,12,0,593.7654626
Queensland,Qld,Brisbane - North,228486,2018,4,,4,0,198.2160555
Queensland,Qld,Brisbane - North,228486,2019,7,,8,0,396.2357603
Queensland,Qld,Brisbane - North,228486,2020,2,,2,0,99.00990099
Queensland,Qld,Brisbane - North,228486,2021,2,,2,0,98.96091044
Queensland,Qld,Brisbane - South,381849,2018,10,,11,0,545.0941526
Queensland,Qld,Brisbane - South,381849,2019,4,,4,0,198.1178801
Queensland,Qld,Brisbane - South,381849,2020,8,,8,0,396.039604
Queensland,Qld,Brisbane - South,381849,2021,5,,5,0,247.4022761
Queensland,Qld,Brisbane - West,194889,2018,1,,1,0,49.55401388
Queensland,Qld,Brisbane - West,194889,2020,1,,1,0,49.5049505
Queensland,Qld,Brisbane - West,194889,2021,2,,2,0,98.96091044
Queensland,Qld,Brisbane Inner City,298546,2018,4,,4,0,198.2160555
Queensland,Qld,Brisbane Inner City,298546,2019,3,,4,0,198.1178801
Queensland,Qld,Brisbane Inner City,298546,2020,3,,3,0,148.5148515
Queensland,Qld,Cairns,256039,2018,12,,13,0,644.2021804
Queensland,Qld,Cairns,256039,2019,18,,24,0,1188.707281
Queensland,Qld,Cairns,256039,2020,15,,17,0,841.5841584
Queensland,Qld,Cairns,256039,2021,9,,10,0,494.8045522
Queensland,Qld,Central Queensland,228200,2018,12,,12,0,594.6481665
Queensland,Qld,Central Queensland,228200,2019,17,,20,0,990.5894007
Queensland,Qld,Central Queensland,228200,2020,16,,18,0,891.0891089
Queensland,Qld,Central Queensland,228200,2021,15,,15,0,742.2068283
Queensland,Qld,Darling Downs - Maranoa,128706,2018,18,,23,0,1139.742319
Queensland,Qld,Darling Downs - Maranoa,128706,2019,21,,22,0,1089.648341
Queensland,Qld,Darling Downs - Maranoa,128706,2020,15,,17,0,841.5841584
Queensland,Qld,Darling Downs - Maranoa,128706,2021,16,,19,0,940.1286492
Queensland,Qld,Gold Coast,650996,2018,19,,19,0,941.5262636
Queensland,Qld,Gold Coast,650996,2019,12,,13,0,643.8831105
Queensland,Qld,Gold Coast,650996,2020,17,,22,0,1089.108911
Queensland,Qld,Gold Coast,650996,2021,10,,10,0,494.8045522
Queensland,Qld,Ipswich,371126,2018,18,,19,0,941.5262636
Queensland,Qld,Ipswich,371126,2019,16,,18,0,891.5304606
Queensland,Qld,Ipswich,371126,2020,13,,14,0,693.0693069
Queensland,Qld,Ipswich,371126,2021,4,,4,0,197.9218209
Queensland,Qld,Logan - Beaudesert,357143,2018,14,,15,0,743.3102081
Queensland,Qld,Logan - Beaudesert,357143,2019,6,,7,0,346.7062902
Queensland,Qld,Logan - Beaudesert,357143,2020,18,,21,0,1039.60396
Queensland,Qld,Logan - Beaudesert,357143,2021,11,,11,0,544.2850074
Queensland,Qld,Mackay - Isaac - Whitsunday,174816,2018,12,,15,0,743.3102081
Queensland,Qld,Mackay - Isaac - Whitsunday,174816,2019,10,,11,0,544.8241704
Queensland,Qld,Mackay - Isaac - Whitsunday,174816,2020,18,,21,0,1039.60396
Queensland,Qld,Mackay - Isaac - Whitsunday,174816,2021,8,,8,0,395.8436418
Queensland,Qld,Moreton Bay - North,261602,2018,8,,8,0,396.432111
Queensland,Qld,Moreton Bay - North,261602,2019,9,,9,0,445.7652303
Queensland,Qld,Moreton Bay - North,261602,2020,17,,17,0,841.5841584
Queensland,Qld,Moreton Bay - North,261602,2021,10,,13,0,643.2459179
Queensland,Qld,Moreton Bay - South,223958,2018,5,,5,0,247.7700694
Queensland,Qld,Moreton Bay - South,223958,2019,5,,5,0,247.6473502
Queensland,Qld,Moreton Bay - South,223958,2020,5,,5,0,247.5247525
Queensland,Qld,Moreton Bay - South,223958,2021,4,,4,0,197.9218209
Queensland,Qld,Queensland - Outback,82751,2018,15,,16,0,792.864222
Queensland,Qld,Queensland - Outback,82751,2019,14,,15,0,742.9420505
Queensland,Qld,Queensland - Outback,82751,2020,18,,19,0,940.5940594
Queensland,Qld,Queensland - Outback,82751,2021,7,,7,0,346.3631865
Queensland,Qld,Sunshine Coast,393049,2018,16,,16,0,792.864222
Queensland,Qld,Sunshine Coast,393049,2019,12,,12,0,594.3536404
Queensland,Qld,Sunshine Coast,393049,2020,17,,17,0,841.5841584
Queensland,Qld,Sunshine Coast,393049,2021,11,,11,0,544.2850074
Queensland,Qld,Toowoomba,159991,2018,5,,5,0,247.7700694
Queensland,Qld,Toowoomba,159991,2019,2,,2,0,99.05894007
Queensland,Qld,Toowoomba,159991,2020,4,,4,0,198.019802
Queensland,Qld,Toowoomba,159991,2021,2,,2,0,98.96091044
Queensland,Qld,Townsville,238813,2018,14,,15,0,743.3102081
Queensland,Qld,Townsville,238813,2019,15,,16,0,792.4715206
Queensland,Qld,Townsville,238813,2020,17,,22,0,1089.108911
Queensland,Qld,Townsville,238813,2021,13,,18,0,890.648194
Queensland,Qld,Wide Bay,302105,2018,33,,40,0,1982.160555
Queensland,Qld,Wide Bay,302105,2019,22,,26,0,1287.766221
Queensland,Qld,Wide Bay,302105,2020,42,,45,0,2227.722772
Queensland,Qld,Wide Bay,302105,2021,29,,33,0,1632.855022
South Australia,SA,Adelaide - Central and Hills,310091,2015,14,14,4.514803719,4.514803719
South Australia,SA,Adelaide - Central and Hills,310091,2016,5,5,1.6124299,1.6124299
South Australia,SA,Adelaide - Central and Hills,310091,2017,13,13,4.192317739,4.192317739
South Australia,SA,Adelaide - Central and Hills,310091,2018,6,6,1.93491588,1.93491588
South Australia,SA,Adelaide - Central and Hills,310091,2019,10,10,3.224859799,3.224859799
South Australia,SA,Adelaide - Central and Hills,310091,2020,13,14,4.192317739,4.514803719
South Australia,SA,Adelaide - Central and Hills,310091,2021,8,8,2.579887839,2.579887839
South Australia,SA,Adelaide - North,448458,2015,12,12,2.675835864,2.675835864
South Australia,SA,Adelaide - North,448458,2016,13,14,2.898822186,3.121808508
South Australia,SA,Adelaide - North,448458,2017,19,21,4.236740118,4.682712762
South Australia,SA,Adelaide - North,448458,2018,10,10,2.22986322,2.22986322
South Australia,SA,Adelaide - North,448458,2019,21,21,4.682712762,4.682712762
South Australia,SA,Adelaide - North,448458,2020,12,13,2.675835864,2.898822186
South Australia,SA,Adelaide - North,448458,2021,7,7,1.560904254,1.560904254
South Australia,SA,Adelaide - South,374910,2015,8,8,2.133845456,2.133845456
South Australia,SA,Adelaide - South,374910,2016,10,12,2.66730682,3.200768184
South Australia,SA,Adelaide - South,374910,2017,11,11,2.934037502,2.934037502
South Australia,SA,Adelaide - South,374910,2018,4,4,1.066922728,1.066922728
South Australia,SA,Adelaide - South,374910,2019,9,9,2.400576138,2.400576138
South Australia,SA,Adelaide - South,374910,2020,7,7,1.867114774,1.867114774
South Australia,SA,Adelaide - South,374910,2021,8,8,2.133845456,2.133845456
South Australia,SA,Adelaide - West,243142,2015,9,9,3.701540663,3.701540663
South Australia,SA,Adelaide - West,243142,2016,4,4,1.645129184,1.645129184
South Australia,SA,Adelaide - West,243142,2017,11,11,4.524105255,4.524105255
South Australia,SA,Adelaide - West,243142,2018,4,4,1.645129184,1.645129184
South Australia,SA,Adelaide - West,243142,2019,8,8,3.290258368,3.290258368
South Australia,SA,Adelaide - West,243142,2020,4,4,1.645129184,1.645129184
South Australia,SA,Adelaide - West,243142,2021,5,5,2.05641148,2.05641148
South Australia,SA,Barossa - Yorke - Mid North,114862,2015,17,19,14.80036914,16.54158904
South Australia,SA,Barossa - Yorke - Mid North,114862,2016,16,19,13.92975919,16.54158904
South Australia,SA,Barossa - Yorke - Mid North,114862,2017,17,21,14.80036914,18.28280894
South Australia,SA,Barossa - Yorke - Mid North,114862,2018,13,15,11.31792934,13.05914924
South Australia,SA,Barossa - Yorke - Mid North,114862,2019,14,15,12.18853929,13.05914924
South Australia,SA,Barossa - Yorke - Mid North,114862,2020,15,15,13.05914924,13.05914924
South Australia,SA,Barossa - Yorke - Mid North,114862,2021,14,16,12.18853929,13.92975919
South Australia,SA,South Australia - Outback,84095,2015,11,14,13.08044474,16.64783875
South Australia,SA,South Australia - Outback,84095,2016,9,10,10.70218206,11.8913134
South Australia,SA,South Australia - Outback,84095,2017,6,6,7.134788037,7.134788037
South Australia,SA,South Australia - Outback,84095,2018,10,11,11.8913134,13.08044474
South Australia,SA,South Australia - Outback,84095,2019,14,15,16.64783875,17.83697009
South Australia,SA,South Australia - Outback,84095,2020,16,17,19.02610143,20.21523277
South Australia,SA,South Australia - Outback,84095,2021,6,7,7.134788037,8.323919377
South Australia,SA,South Australia - South East,194817,2015,25,26,12.83255568,13.34585791
South Australia,SA,South Australia - South East,194817,2016,19,22,9.752742317,11.292649
South Australia,SA,South Australia - South East,194817,2017,16,17,8.212835635,8.726137863
South Australia,SA,South Australia - South East,194817,2018,28,30,14.37246236,15.39906682
South Australia,SA,South Australia - South East,194817,2019,34,36,17.45227573,18.47888018
South Australia,SA,South Australia - South East,194817,2020,18,23,9.23944009,11.80595123
South Australia,SA,South Australia - South East,194817,2021,15,16,7.699533408,8.212835635
Tasmania,Tas,Hobart,238834,2015,10,10,4.18700855,4.18700855
Tasmania,Tas,Hobart,238834,2016,11,12,4.605709405,5.02441026
Tasmania,Tas,Hobart,238834,2017,11,12,4.605709405,5.02441026
Tasmania,Tas,Hobart,238834,2018,7,7,2.930905985,2.930905985
Tasmania,Tas,Hobart,238834,2019,4,4,1.67480342,1.67480342
Tasmania,Tas,Hobart,238834,2020,12,13,5.02441026,5.443111115
Tasmania,Tas,Hobart,238834,2021,2,2,0.83740171,0.83740171
Tasmania,Tas,Launceston and North East,148023,2015,8,9,5.404565507,6.080136195
Tasmania,Tas,Launceston and North East,148023,2016,9,10,6.080136195,6.755706883
Tasmania,Tas,Launceston and North East,148023,2017,14,14,9.457989637,9.457989637
Tasmania,Tas,Launceston and North East,148023,2018,14,14,9.457989637,9.457989637
Tasmania,Tas,Launceston and North East,148023,2019,7,7,4.728994818,4.728994818
Tasmania,Tas,Launceston and North East,148023,2020,6,11,4.05342413,7.431277572
Tasmania,Tas,Launceston and North East,148023,2021,12,15,8.10684826,10.13356033
Tasmania,Tas,South East,40168,2015,6,6,14.93726349,14.93726349
Tasmania,Tas,South East,40168,2016,5,5,12.44771958,12.44771958
Tasmania,Tas,South East,40168,2017,1,1,2.489543916,2.489543916
Tasmania,Tas,South East,40168,2018,2,3,4.979087831,7.468631747
Tasmania,Tas,South East,40168,2019,8,8,19.91635132,19.91635132
Tasmania,Tas,South East,40168,2020,5,5,12.44771958,12.44771958
Tasmania,Tas,South East,40168,2021,4,4,9.958175662,9.958175662
Tasmania,Tas,West and North West,113755,2015,7,8,6.153575667,7.032657905
Tasmania,Tas,West and North West,113755,2016,8,10,7.032657905,8.790822381
Tasmania,Tas,West and North West,113755,2017,5,5,4.395411191,4.395411191
Tasmania,Tas,West and North West,113755,2018,8,8,7.032657905,7.032657905
Tasmania,Tas,West and North West,113755,2019,10,10,8.790822381,8.790822381
Tasmania,Tas,West and North West,113755,2020,7,7,6.153575667,6.153575667
Tasmania,Tas,West and North West,113755,2021,5,5,4.395411191,4.395411191
Victoria,Vic,Ballarat,169854,2015,6,6,3.532445512,3.532445512
Victoria,Vic,Ballarat,169854,2016,16,20,9.419854699,11.77481837
Victoria,Vic,Ballarat,169854,2017,15,18,8.83111378,10.59733654
Victoria,Vic,Ballarat,169854,2018,13,16,7.653631943,9.419854699
Victoria,Vic,Ballarat,169854,2019,14,16,8.242372861,9.419854699
Victoria,Vic,Ballarat,169854,2020,14,14,8.242372861,8.242372861
Victoria,Vic,Ballarat,169854,2021,5,5,2.943704593,2.943704593
Victoria,Vic,Bendigo,165248,2015,11,12,6.656661503,7.261812548
Victoria,Vic,Bendigo,165248,2016,8,8,4.841208366,4.841208366
Victoria,Vic,Bendigo,165248,2017,9,9,5.446359411,5.446359411
Victoria,Vic,Bendigo,165248,2018,10,10,6.051510457,6.051510457
Victoria,Vic,Bendigo,165248,2019,16,16,9.682416731,9.682416731
Victoria,Vic,Bendigo,165248,2020,12,14,7.261812548,8.47211464
Victoria,Vic,Bendigo,165248,2021,5,5,3.025755229,3.025755229
Victoria,Vic,Geelong,317857,2015,11,12,3.460675713,3.775282596
Victoria,Vic,Geelong,317857,2016,15,15,4.719103245,4.719103245
Victoria,Vic,Geelong,317857,2017,12,13,3.775282596,4.089889479
Victoria,Vic,Geelong,317857,2018,6,7,1.887641298,2.202248181
Victoria,Vic,Geelong,317857,2019,16,19,5.033710128,5.977530776
Victoria,Vic,Geelong,317857,2020,11,11,3.460675713,3.460675713
Victoria,Vic,Geelong,317857,2021,7,7,2.202248181,2.202248181
Victoria,Vic,Hume,180610,2015,24,29,13.28830076,16.05669675
Victoria,Vic,Hume,180610,2016,28,31,15.50301755,17.16405515
Victoria,Vic,Hume,180610,2017,25,27,13.84197996,14.94933835
Victoria,Vic,Hume,180610,2018,19,20,10.51990477,11.07358397
Victoria,Vic,Hume,180610,2019,14,14,7.751508776,7.751508776
Victoria,Vic,Hume,180610,2020,15,16,8.305187974,8.858867172
Victoria,Vic,Hume,180610,2021,6,6,3.32207519,3.32207519
Victoria,Vic,Latrobe - Gippsland,291051,2015,17,19,5.840900736,6.528065528
Victoria,Vic,Latrobe - Gippsland,291051,2016,24,26,8.245977509,8.933142302
Victoria,Vic,Latrobe - Gippsland,291051,2017,25,29,8.589559905,9.96388949
Victoria,Vic,Latrobe - Gippsland,291051,2018,21,23,7.21523032,7.902395113
Victoria,Vic,Latrobe - Gippsland,291051,2019,17,19,5.840900736,6.528065528
Victoria,Vic,Latrobe - Gippsland,291051,2020,26,28,8.933142302,9.620307094
Victoria,Vic,Latrobe - Gippsland,291051,2021,17,17,5.840900736,5.840900736
Victoria,Vic,Melbourne - Inner,713203,2015,11,12,1.542337876,1.68255041
Victoria,Vic,Melbourne - Inner,713203,2016,12,12,1.68255041,1.68255041
Victoria,Vic,Melbourne - Inner,713203,2017,10,10,1.402125342,1.402125342
Victoria,Vic,Melbourne - Inner,713203,2018,12,12,1.68255041,1.68255041
Victoria,Vic,Melbourne - Inner,713203,2019,7,7,0.981487739,0.981487739
Victoria,Vic,Melbourne - Inner,713203,2020,8,8,1.121700273,1.121700273
Victoria,Vic,Melbourne - Inner,713203,2021,4,6,0.560850137,0.841275205
Victoria,Vic,Melbourne - Inner East,400191,2015,4,4,0.999522728,0.999522728
Victoria,Vic,Melbourne - Inner East,400191,2016,8,9,1.999045456,2.248926138
Victoria,Vic,Melbourne - Inner East,400191,2017,4,4,0.999522728,0.999522728
Victoria,Vic,Melbourne - Inner East,400191,2018,7,7,1.749164774,1.749164774
Victoria,Vic,Melbourne - Inner East,400191,2019,5,5,1.24940341,1.24940341
Victoria,Vic,Melbourne - Inner East,400191,2020,4,7,0.999522728,1.749164774
Victoria,Vic,Melbourne - Inner East,400191,2021,2,2,0.499761364,0.499761364
Victoria,Vic,Melbourne - Inner South,450242,2015,8,8,1.776822242,1.776822242
Victoria,Vic,Melbourne - Inner South,450242,2016,9,9,1.998925023,1.998925023
Victoria,Vic,Melbourne - Inner South,450242,2017,12,12,2.665233363,2.665233363
Victoria,Vic,Melbourne - Inner South,450242,2018,4,4,0.888411121,0.888411121
Victoria,Vic,Melbourne - Inner South,450242,2019,6,6,1.332616682,1.332616682
Victoria,Vic,Melbourne - Inner South,450242,2020,5,5,1.110513901,1.110513901
Victoria,Vic,Melbourne - Inner South,450242,2021,6,6,1.332616682,1.332616682
Victoria,Vic,Melbourne - North East,566199,2015,11,11,1.942779835,1.942779835
Victoria,Vic,Melbourne - North East,566199,2016,14,14,2.472628881,2.472628881
Victoria,Vic,Melbourne - North East,566199,2017,10,10,1.766163487,1.766163487
Victoria,Vic,Melbourne - North East,566199,2018,10,10,1.766163487,1.766163487
Victoria,Vic,Melbourne - North East,566199,2019,9,9,1.589547138,1.589547138
Victoria,Vic,Melbourne - North East,566199,2020,12,14,2.119396184,2.472628881
Victoria,Vic,Melbourne - North East,566199,2021,8,10,1.412930789,1.766163487
Victoria,Vic,Melbourne - North West,429721,2015,14,14,3.257927818,3.257927818
Victoria,Vic,Melbourne - North West,429721,2016,12,14,2.792509559,3.257927818
Victoria,Vic,Melbourne - North West,429721,2017,6,6,1.396254779,1.396254779
Victoria,Vic,Melbourne - North West,429721,2018,13,13,3.025218688,3.025218688
Victoria,Vic,Melbourne - North West,429721,2019,15,18,3.490636948,4.188764338
Victoria,Vic,Melbourne - North West,429721,2020,2,2,0.46541826,0.46541826
Victoria,Vic,Melbourne - North West,429721,2021,5,5,1.163545649,1.163545649
Victoria,Vic,Melbourne - Outer East,536496,2015,19,19,3.541498911,3.541498911
Victoria,Vic,Melbourne - Outer East,536496,2016,17,18,3.168709552,3.355104232
Victoria,Vic,Melbourne - Outer East,536496,2017,10,11,1.863946796,2.050341475
Victoria,Vic,Melbourne - Outer East,536496,2018,17,18,3.168709552,3.355104232
Victoria,Vic,Melbourne - Outer East,536496,2019,15,15,2.795920193,2.795920193
Victoria,Vic,Melbourne - Outer East,536496,2020,11,12,2.050341475,2.236736155
Victoria,Vic,Melbourne - Outer East,536496,2021,5,5,0.931973398,0.931973398
Victoria,Vic,Melbourne - South East,883260,2015,21,23,2.377555873,2.603989765
Victoria,Vic,Melbourne - South East,883260,2016,25,25,2.830423658,2.830423658
Victoria,Vic,Melbourne - South East,883260,2017,27,28,3.05685755,3.170074497
Victoria,Vic,Melbourne - South East,883260,2018,18,18,2.037905034,2.037905034
Victoria,Vic,Melbourne - South East,883260,2019,25,27,2.830423658,3.05685755
Victoria,Vic,Melbourne - South East,883260,2020,12,13,1.358603356,1.471820302
Victoria,Vic,Melbourne - South East,883260,2021,27,29,3.05685755,3.283291443
Victoria,Vic,Melbourne - West,867699,2015,18,20,2.074452085,2.304946761
Victoria,Vic,Melbourne - West,867699,2016,29,30,3.342172804,3.457420142
Victoria,Vic,Melbourne - West,867699,2017,21,23,2.4201941,2.650688776
Victoria,Vic,Melbourne - West,867699,2018,17,19,1.959204747,2.189699423
Victoria,Vic,Melbourne - West,867699,2019,24,24,2.765936114,2.765936114
Victoria,Vic,Melbourne - West,867699,2020,10,11,1.152473381,1.267720719
Victoria,Vic,Melbourne - West,867699,2021,10,10,1.152473381,1.152473381
Victoria,Vic,Mornington Peninsula,312200,2015,8,10,2.562459962,3.203074952
Victoria,Vic,Mornington Peninsula,312200,2016,13,13,4.163997438,4.163997438
Victoria,Vic,Mornington Peninsula,312200,2017,8,8,2.562459962,2.562459962
Victoria,Vic,Mornington Peninsula,312200,2018,5,5,1.601537476,1.601537476
Victoria,Vic,Mornington Peninsula,312200,2019,16,18,5.124919923,5.765534914
Victoria,Vic,Mornington Peninsula,312200,2020,13,14,4.163997438,4.484304933
Victoria,Vic,Mornington Peninsula,312200,2021,7,7,2.242152466,2.242152466
Victoria,Vic,North West,152207,2015,14,16,9.198000092,10.51200011
Victoria,Vic,North West,152207,2016,18,18,11.82600012,11.82600012
Victoria,Vic,North West,152207,2017,11,13,7.227000072,8.541000085
Victoria,Vic,North West,152207,2018,10,11,6.570000066,7.227000072
Victoria,Vic,North West,152207,2019,24,25,15.76800016,16.42500016
Victoria,Vic,North West,152207,2020,17,17,11.16900011,11.16900011
Victoria,Vic,North West,152207,2021,12,12,7.884000079,7.884000079
Victoria,Vic,Shepparton,134857,2015,18,19,13.34747177,14.08899798
Victoria,Vic,Shepparton,134857,2016,14,14,10.38136693,10.38136693
Victoria,Vic,Shepparton,134857,2017,19,22,14.08899798,16.3135766
Victoria,Vic,Shepparton,134857,2018,8,8,5.932209674,5.932209674
Victoria,Vic,Shepparton,134857,2019,13,14,9.63984072,10.38136693
Victoria,Vic,Shepparton,134857,2020,12,13,8.898314511,9.63984072
Victoria,Vic,Shepparton,134857,2021,5,5,3.707631046,3.707631046
Victoria,Vic,Warrnambool and South West,125775,2015,16,18,12.721129,14.31127013
Victoria,Vic,Warrnambool and South West,125775,2016,13,14,10.33591731,11.13098788
Victoria,Vic,Warrnambool and South West,125775,2017,16,16,12.721129,12.721129
Victoria,Vic,Warrnambool and South West,125775,2018,12,12,9.54084675,9.54084675
Victoria,Vic,Warrnambool and South West,125775,2019,12,14,9.54084675,11.13098788
Victoria,Vic,Warrnambool and South West,125775,2020,11,12,8.745776188,9.54084675
Victoria,Vic,Warrnambool and South West,125775,2021,11,12,8.745776188,9.54084675
Western Australia,WA,Bunbury,186068,2015,15,15,8.061568889,8.061568889
Western Australia,WA,Bunbury,186068,2016,21,23,11.28619644,12.3610723
Western Australia,WA,Bunbury,186068,2017,21,21,11.28619644,11.28619644
Western Australia,WA,Bunbury,186068,2018,24,26,12.89851022,13.97338607
Western Australia,WA,Bunbury,186068,2019,24,26,12.89851022,13.97338607
Western Australia,WA,Mandurah,105364,2015,4,4,3.796363084,3.796363084
Western Australia,WA,Mandurah,105364,2016,4,5,3.796363084,4.745453855
Western Australia,WA,Mandurah,105364,2017,3,3,2.847272313,2.847272313
Western Australia,WA,Mandurah,105364,2018,3,3,2.847272313,2.847272313
Western Australia,WA,Mandurah,105364,2019,8,8,7.592726168,7.592726168
Western Australia,WA,Perth - Inner,187107,2015,1,1,0.534453548,0.534453548
Western Australia,WA,Perth - Inner,187107,2016,5,5,2.67226774,2.67226774
Western Australia,WA,Perth - Inner,187107,2017,6,6,3.206721288,3.206721288
Western Australia,WA,Perth - Inner,187107,2018,3,3,1.603360644,1.603360644
Western Australia,WA,Perth - Inner,187107,2019,9,9,4.810081932,4.810081932
Western Australia,WA,Perth - North East,275750,2015,13,14,4.714415231,5.077062557
Western Australia,WA,Perth - North East,275750,2016,12,12,4.351767906,4.351767906
Western Australia,WA,Perth - North East,275750,2017,7,7,2.538531278,2.538531278
Western Australia,WA,Perth - North East,275750,2018,8,8,2.901178604,2.901178604
Western Australia,WA,Perth - North East,275750,2019,9,10,3.263825929,3.626473255
Western Australia,WA,Perth - North West,579082,2015,8,8,1.381496921,1.381496921
Western Australia,WA,Perth - North West,579082,2016,19,24,3.281055187,4.144490763
Western Australia,WA,Perth - North West,579082,2017,15,15,2.590306727,2.590306727
Western Australia,WA,Perth - North West,579082,2018,12,12,2.072245381,2.072245381
Western Australia,WA,Perth - North West,579082,2019,8,8,1.381496921,1.381496921
Western Australia,WA,Perth - South East,531673,2015,16,21,3.00936854,3.949796209
Western Australia,WA,Perth - South East,531673,2016,13,13,2.445111939,2.445111939
Western Australia,WA,Perth - South East,531673,2017,13,14,2.445111939,2.633197473
Western Australia,WA,Perth - South East,531673,2018,14,14,2.633197473,2.633197473
Western Australia,WA,Perth - South East,531673,2019,19,21,3.573625142,3.949796209
Western Australia,WA,Perth - South West,446138,2015,14,17,3.138042489,3.810480165
Western Australia,WA,Perth - South West,446138,2016,8,8,1.793167137,1.793167137
Western Australia,WA,Perth - South West,446138,2017,12,13,2.689750705,2.913896597
Western Australia,WA,Perth - South West,446138,2018,16,16,3.586334273,3.586334273
Western Australia,WA,Perth - South West,446138,2019,5,5,1.12072946,1.12072946
Western Australia,WA,Western Australia - Outback (North),98864,2015,13,16,13.14937692,16.18384852
Western Australia,WA,Western Australia - Outback (North),98864,2016,13,17,13.14937692,17.19533905
Western Australia,WA,Western Australia - Outback (North),98864,2017,10,11,10.11490532,11.12639586
Western Australia,WA,Western Australia - Outback (North),98864,2018,9,10,9.103414792,10.11490532
Western Australia,WA,Western Australia - Outback (North),98864,2019,17,18,17.19533905,18.20682958
Western Australia,WA,Western Australia - Outback (South),116006,2015,15,20,12.93036567,17.24048756
Western Australia,WA,Western Australia - Outback (South),116006,2016,15,16,12.93036567,13.79239005
Western Australia,WA,Western Australia - Outback (South),116006,2017,17,18,14.65441443,15.5164388
Western Australia,WA,Western Australia - Outback (South),116006,2018,15,18,12.93036567,15.5164388
Western Australia,WA,Western Australia - Outback (South),116006,2019,15,15,12.93036567,12.93036567
Western Australia,WA,Western Australia - Wheat Belt,137509,2015,22,23,15.9989528,16.72617792
Western Australia,WA,Western Australia - Wheat Belt,137509,2016,44,52,31.99790559,37.81570661
Western Australia,WA,Western Australia - Wheat Belt,137509,2017,31,35,22.54397894,25.45287945
Western Australia,WA,Western Australia - Wheat Belt,137509,2018,36,43,26.18010457,31.27068046
Western Australia,WA,Western Australia - Wheat Belt,137509,2019,31,34,22.54397894,24.72565432